Workbook

Sheet Products
A1: ProductID | B1: Product | C1: Price | D1: Ordered/Not Ordered | H1: Product ID | I1: Product | J1: Total Quantity Sold
A2: 101 | B2: Product A | C2: 120 | D2: =IF(ISNA(VLOOKUP(Table2[[#This Row],[ProductID]],Table1[ProductID],1,0)), "Not Ordered", "Ordered") -> Ordered | G2: Q7 | H2: 101 | I2: =VLOOKUP(H2,Table2[],2,0) -> Product A | J2: =SUMIF(Table1[ProductID],Products!H2,Table1[Quantity]) -> 2
A3: 102 | B3: Product B | C3: 150 | D3: =IF(ISNA(VLOOKUP(Table2[[#This Row],[ProductID]],Table1[ProductID],1,0)), "Not Ordered", "Ordered") -> Ordered | H3: 102 | I3: =VLOOKUP(H3,Table2[],2,0) -> Product B | J3: =SUMIF(Table1[ProductID],Products!H3,Table1[Quantity]) -> 5
A4: 103 | B4: Product C | C4: 200 | D4: =IF(ISNA(VLOOKUP(Table2[[#This Row],[ProductID]],Table1[ProductID],1,0)), "Not Ordered", "Ordered") -> Ordered | H4: 103 | I4: =VLOOKUP(H4,Table2[],2,0) -> Product C | J4: =SUMIF(Table1[ProductID],Products!H4,Table1[Quantity]) -> 1
A5: 104 | B5: Product D | C5: 90 | D5: =IF(ISNA(VLOOKUP(Table2[[#This Row],[ProductID]],Table1[ProductID],1,0)), "Not Ordered", "Ordered") -> Ordered | H5: 104 | I5: =VLOOKUP(H5,Table2[],2,0) -> Product D | J5: =SUMIF(Table1[ProductID],Products!H5,Table1[Quantity]) -> 6
A6: 105 | B6: Product E | C6: 220 | D6: =IF(ISNA(VLOOKUP(Table2[[#This Row],[ProductID]],Table1[ProductID],1,0)), "Not Ordered", "Ordered") -> Ordered | H6: 105 | I6: =VLOOKUP(H6,Table2[],2,0) -> Product E | J6: =SUMIF(Table1[ProductID],Products!H6,Table1[Quantity]) -> 4
A7: 106 | B7: Product F | C7: 130 | D7: =IF(ISNA(VLOOKUP(Table2[[#This Row],[ProductID]],Table1[ProductID],1,0)), "Not Ordered", "Ordered") -> Ordered | H7: 106 | I7: =VLOOKUP(H7,Table2[],2,0) -> Product F | J7: =SUMIF(Table1[ProductID],Products!H7,Table1[Quantity]) -> 3
D8: Q6
A10: 1. Use VLOOKUP to find the product names for each ProductID in the Orders worksheet.
A11: 2. Use VLOOKUP to find the price for each ProductID in the Orders worksheet, then calculate the TotalPrice by multiplying the Quantity by the Product Price.
A12: 3. Use VLOOKUP to check if there are any ProductIDs in the Orders worksheet that do not exist in the Products worksheet.
A13: 4. Assume a discount of 10% is given on all products. Use VLOOKUP to find the original price and then calculate the discounted price.
A14: 5. Use VLOOKUP to find the price for each ProductID and then calculate the order value. Find the maximum order value from the list.
A15: 6. Use VLOOKUP to find out which products from the Products worksheet have not been ordered.
A16: 7. Use VLOOKUP to find the Product name and summarize the total quantity sold for each product.

Sheet Orders
A1: OrderID | B1: ProductID | C1: Quantity | D1: Price | E1: TotalPrice | F1: Product Name | G1: Found/Not Found | H1: Dicounted Price
A2: 1 | B2: 101 | C2: 2 | D2: =VLOOKUP(Table1[[#This Row],[ProductID]],Table2[],3,0) -> 120 | E2: =Table1[[#This Row],[Quantity]]*D2 -> 240 | F2: =VLOOKUP(Table1[[#This Row],[ProductID]],Table2[#All],2,0) -> Product A | G2: =IF(ISNA(VLOOKUP(Table1[[#This Row],[ProductID]],Table2[ProductID],1,0)), "Not Found", "Found") -> Found | H2: =D2-D2*10% -> 108
A3: 2 | B3: 103 | C3: 1 | D3: =VLOOKUP(Table1[[#This Row],[ProductID]],Table2[],3,0) -> 200 | E3: =Table1[[#This Row],[Quantity]]*D3 -> 200 | F3: =VLOOKUP(Table1[[#This Row],[ProductID]],Table2[#All],2,0) -> Product C | G3: =IF(ISNA(VLOOKUP(Table1[[#This Row],[ProductID]],Table2[ProductID],1,0)), "Not Found", "Found") -> Found | H3: =D3-D3*10% -> 180
A4: 3 | B4: 105 | C4: 4 | D4: =VLOOKUP(Table1[[#This Row],[ProductID]],Table2[],3,0) -> 220 | E4: =Table1[[#This Row],[Quantity]]*D4 -> 880 | F4: =VLOOKUP(Table1[[#This Row],[ProductID]],Table2[#All],2,0) -> Product E | G4: =IF(ISNA(VLOOKUP(Table1[[#This Row],[ProductID]],Table2[ProductID],1,0)), "Not Found", "Found") -> Found | H4: =D4-D4*10% -> 198
A5: 4 | B5: 106 | C5: 3 | D5: =VLOOKUP(Table1[[#This Row],[ProductID]],Table2[],3,0) -> 130 | E5: =Table1[[#This Row],[Quantity]]*D5 -> 390 | F5: =VLOOKUP(Table1[[#This Row],[ProductID]],Table2[#All],2,0) -> Product F | G5: =IF(ISNA(VLOOKUP(Table1[[#This Row],[ProductID]],Table2[ProductID],1,0)), "Not Found", "Found") -> Found | H5: =D5-D5*10% -> 117
A6: 5 | B6: 102 | C6: 5 | D6: =VLOOKUP(Table1[[#This Row],[ProductID]],Table2[],3,0) -> 150 | E6: =Table1[[#This Row],[Quantity]]*D6 -> 750 | F6: =VLOOKUP(Table1[[#This Row],[ProductID]],Table2[#All],2,0) -> Product B | G6: =IF(ISNA(VLOOKUP(Table1[[#This Row],[ProductID]],Table2[ProductID],1,0)), "Not Found", "Found") -> Found | H6: =D6-D6*10% -> 135
A7: 6 | B7: 104 | C7: 6 | D7: =VLOOKUP(Table1[[#This Row],[ProductID]],Table2[],3,0) -> 90 | E7: =Table1[[#This Row],[Quantity]]*D7 -> 540 | F7: =VLOOKUP(Table1[[#This Row],[ProductID]],Table2[#All],2,0) -> Product D | G7: =IF(ISNA(VLOOKUP(Table1[[#This Row],[ProductID]],Table2[ProductID],1,0)), "Not Found", "Found") -> Found | H7: =D7-D7*10% -> 81
D8: Q2 | F8: Q1 | G8: Q3 | H8: Q4
B10: Q5 | C10: Maximum Order Value | E10: =MAX(E2:E8) -> 880
